comparison,model_a,model_b,statistic,p_value,conclusion
S2 vs S1 (SSR),S2,S1,4.142045454545454,0.041830594565244655,signifikan
E*(gamma) vs S2,S4,S2,0.011627906976744186,0.9141283452014198,tidak signifikan
S5 vs E*-noseg (segmentasi),S5,S4,1.0309278350515463,0.30994084550445394,tidak signifikan
S10 vs S5 (CNN vs SVM),S10,S5,324.37543252595157,1.6138277553259751e-72,signifikan
S11 vs S1 (CNN-raw vs SVM-raw),S11,S1,151.8035087719298,6.994727712939899e-35,signifikan
S10 vs S11 (full vs raw CNN),S10,S11,36.9009009009009,1.2428850544504146e-09,signifikan
